rank,wallet,hl_realized_pnl_usd,winrate,active_days,fills,fills_per_day,avg_fill_usd,spot_pct,quality_score,tags,cross_chain
1,0x218a65e21eddeece7a9df38c6bbdd89f692b7da2,4637996,0.854,100,14447,144,7901,0,4257,HL-tagged,
2,0xfce053a5e461683454bf37ad66d20344c0e3f4c0,4704588,0.611,101,8866,88,6249,4,4202,PM-owner HL-tagged individual,
3,0xdfe5195e7cc1a2eca9b0df09d4646472a8c4a402,2615933,0.925,93,8399,90,13469,0,3824,,
4,0xb581d667c53fd8a50bf7ffd817be0e62daa16f4f,2759549,0.685,104,18967,182,7058,0,2902,HL-tagged,
5,0x960b6c2c4b1498681b8422eb572a8b3a6aa3f0fc,2286979,0.808,96,16672,174,10890,19,2896,HL-tagged,
6,0xb798aef79972ce8f73d47b9ebbcda6bbb7ec4fbf,2091112,0.842,79,8130,103,7410,15,2746,PM-owner HL-tagged individual,yes
7,0x51f3a19c1dfd8d7fe670e43ce0f66648789c8b34,1030185,0.875,97,8900,92,4643,32,2395,,
8,0x4cd80aa0ce4881eb8679eda1f6fbe3d89aec0f7f,1870772,0.672,99,16248,164,3708,0,2367,PM-owner HL-tagged individual,yes
9,0x0514f2f3e0277c47117e3f33d9390efb0acfbdfe,1274933,0.872,100,13894,139,1603,0,2261,,
10,0xcf90cfecf74e631feea816d02e757c0c8e895c0e,5180397,0.89,57,12013,211,25030,0,2255,HL-tagged,
11,0x2a934d40944e2b686ee9cdce74a3f67d32cd0347,751480,0.925,98,4220,43,1364,0,2115,HL-tagged,
12,0xf62edeee17968d4c55d1c74936d2110333342f30,1704530,0.816,102,25322,248,350,0,2071,HL-tagged,
13,0xb69eec8fea0081343c3b09e652ba1fa7dcf7033a,2141084,0.67,95,23862,251,5311,0,2059,HL-tagged,
14,0xf899937184168b1d9dee75acbaa3fef0f52888db,800212,0.738,97,10743,111,974,0,1915,HL-tagged,
15,0x6bea81d7a0c5939a5ce5552e125ab57216cc597f,987541,0.581,103,11607,113,1664,0,1878,,
16,0xd05d2e015b9ed6f17f2111cf1ac7ae229155816e,924637,0.913,91,11533,127,7886,2,1875,,
17,0x3b11267dfc4b9ebe8427e8f557056b4b6ce98112,1045920,0.867,64,4779,75,14961,0,1601,,
18,0x6daec5ff434924e0839358e710e6ae5f158590de,1146536,0.727,101,28061,278,5475,0,1591,,
19,0x5e0c78f6360514ac1d4ea4ab9a2a232284458e69,886945,0.898,107,25055,234,3899,0,1580,HL-tagged,
20,0x1ce8ed87b7b4cb60f0cc3664bf1fe216163ff55a,1363531,0.815,77,15655,203,1041,0,1485,,
21,0x63c786a8d291440713d0f1fc45b69c3e7547cb78,735582,0.652,99,15084,152,1228,0,1461,HL-tagged,
22,0x84a1c22eb2d4c19bbdcfcf2bfe975e28094d8673,368465,0.89,100,4642,46,1415,0,1447,,
23,0xaa2a33c424b92cdc042e40c522cb48e586e83026,692414,0.666,98,14358,147,152,16,1433,,
24,0xd9f7e56fb5e1824b6bc43d93dcd30586b990e95e,468638,0.703,97,9884,102,2921,0,1428,,
25,0xf4fb9fa23edb32215e5284cf7dbfdb5607d51a5b,338571,0.88,100,8056,81,143,51,1378,,
26,0x77746ff04a7014752ab12d81d531aa5e50775343,634415,0.806,73,6126,84,5831,7,1363,,
27,0x202ed102cca91d1237971252eee1add2f303eb8b,462859,0.9,79,2616,33,3209,23,1344,,
28,0x9a3bf39506de3fd281cebbab9dd52fbab37e696a,304600,0.902,98,10058,103,140,0,1326,,
29,0x9bb933d7fe63c0bbfdd92f9596ed47e25e7877a1,3634335,0.842,41,11193,273,4764,35,1315,HL-tagged,
30,0x8e096995c3e4a3f0bc5b3ea1cba94de2aa4d70c9,737180,0.745,99,29267,296,1133,0,1293,HL-tagged,
31,0x77998579f578c01030db65e75edc47bfe890c291,509190,0.862,86,11684,136,14538,0,1271,HL-tagged,
32,0xbafae6afa1f7b0001860f627354130c859031b76,489856,0.777,79,5586,71,1756,5,1269,,
33,0x11615843a09fa765d98ebf3eb15690450ef7e60a,283554,0.914,94,4466,48,3995,5,1263,,
34,0x6e88dc3708afc2b0032eeff625df78dcde1e741a,274687,0.889,98,9880,101,861,1,1249,,
35,0x5272f37ecaa073e5a0ea07618145939e5e6cfcd9,422444,0.578,100,11108,111,1587,59,1225,,
36,0x913df0b299f74ced052c5332a19a1fe72a343ad6,276800,0.845,97,10838,112,431,0,1217,,
37,0x88696c4985f64ea1ebfb9e46c1b47197f7a244ab,371309,0.715,88,4553,52,1963,0,1175,,
38,0xb6ca5d1ed0ca4bf8444c9dee2d068a9f4c5e2e92,527796,0.827,98,24810,253,2723,0,1161,,
39,0x6bf7adc30d071f426193a56dad0947176fac84ba,317502,0.898,101,20165,200,5915,2,1148,,
40,0x999510ad3dd8c94a6659d6401d983137565283e3,1212630,0.764,53,8703,164,3974,28,1128,,
41,0xbbfd8f29f9c7f7119858d9ec7f4bb896182b7d69,741981,0.625,91,25501,280,1785,2,1120,,
42,0x2eb4e287f1cf4801ca3768104fc6253c626b3401,420748,0.664,98,14700,150,820,24,1115,,
43,0x70b37757f0344b28ef207d86eada7ca051138153,568209,0.532,92,17827,194,1236,2,1112,HL-tagged,
44,0xcb7b6dd3b61c438746d998a4237d7c4cb4eb1efe,388340,0.511,97,7024,72,361,0,1108,,
45,0xb947763b6e64b4441b02562a63fda94f6b805162,387699,0.687,97,13832,143,1455,6,1090,,
46,0x42fd5648cf21c158d15e4f58785760755b3f6623,645005,0.608,97,24800,256,3735,0,1087,,
47,0x03fb2d4401575453307c53015abafbb69c62e254,386999,0.792,75,7683,102,1942,12,1082,,
48,0x6bc443fafe325f3b9d1cb10f7b07f2705067e759,399012,0.74,90,15565,173,780,5,1079,,
49,0x135097a80cc35350acc31f4c0f04bfde52a58f6a,605520,0.633,99,28046,283,980,3,1075,HL-tagged,
50,0xf9cf7bae980ce7b3b20aab6d4f31e317e409d679,224955,0.814,97,8575,88,139,56,1073,,
51,0xb215c5a6fa4335147185ba2f03ea79c5a4eec70c,782058,0.664,82,19725,241,6619,0,1069,,
52,0x80fb5880f38185661962e475ac1557817dc9faea,311408,0.597,98,8106,83,1157,13,1068,,
53,0xf220c9b7b4c0e5e785ebe4b40b17576ce24473e0,560993,0.856,69,13546,196,7701,0,1066,,
54,0x10b6f072fabe21bc72ffd77ff5d4414e6cef2980,431512,0.712,73,5619,77,14131,0,1049,,
55,0xb294964ceb670a21d34693da52a39c9837dd651f,240977,0.836,89,3740,42,1851,1,1046,,
56,0x8fbb1aad00013c4e32bb033337b7cb792ab2fc4e,434336,0.863,76,9169,121,4279,3,1038,,
57,0xa3d843b6a057504284006bef6f34a2e9bc80fb6b,792510,0.767,73,15325,210,5605,0,1037,,
58,0x675462411d40a169c3397ac1dc00786dc9c7d3a1,550371,0.639,99,21345,216,686,0,1029,PM-owner HL-tagged individual,
59,0xeff7fe671d9a7acf86f48994bc5d5161042415b6,339379,0.693,103,15959,155,9523,0,1025,,
60,0x52a1ac3717f8173bd175a4c1923594ed6110142d,425176,0.798,98,21375,218,6493,0,1021,,
61,0x9abb9d9c10d1512148e9e0074547f0e6785c84d8,415032,0.562,96,14873,155,14790,0,1018,,
62,0x62cd732421df4824f53a59c422b519bb97e8fd51,487967,0.695,97,23529,243,1176,0,1013,,
63,0xcd2123d3f00325fa83b2743ed85844f8d4bb9826,282740,0.574,97,10387,107,671,0,999,,
64,0xcaaacd1e5f394da3e5006edc7c05fd7bfdc5764b,230966,0.925,99,19699,199,5682,0,997,,
65,0x166866a2845506f6b4c817482fe53b4985882ea6,448478,0.68,82,10589,129,2962,2,995,,
66,0xec89639d883a9ff2086c6deb0d766064b5bbea03,343661,0.791,86,14980,174,552,49,993,,
67,0xec9045405a878d01cdb836f82a6dd2abd49a169c,420655,0.672,72,7205,100,7228,0,990,,
68,0xff7c935b9835d700188a05333d6f7e1e06146a79,304229,0.703,101,13544,134,918,0,978,,
69,0x3927af597c09774f91ef84bf765ded4109e9f8ea,389908,0.785,108,28233,261,464,29,969,,
70,0x0506b97ac63244ccc824d152c77d2b99d7c17a14,313729,0.664,82,6642,81,12267,0,967,,
71,0xfbc9638938262f15cc1b3a751a54d538559da361,155884,0.875,100,10183,102,315,0,932,,
72,0x381fe486d87c7f2633c777f1b5be3105a2a51744,664355,0.772,50,4583,92,7119,13,932,,
73,0x569870903c3ef9768427135f907cb80376d1a3e0,404236,0.7,102,24486,240,1066,0,925,,
74,0x14246f4bbafb87ccebac17609054c6a188ed8cfd,566632,0.657,68,9195,135,4543,2,912,,
75,0x747b1125d08a5a2cf33550cbb038e406ebf241ad,487032,0.681,71,9759,137,4114,2,899,,
76,0x7e19c25679a5f4cc1351e80d428ebe6df929adb1,477782,0.549,103,28384,276,655,0,890,,
77,0x913b6bfaffcc18db65dc9a6bdde6cd5365e0ef92,312993,0.642,90,15867,176,3721,0,886,,
78,0xf48111d547f8de8f37fd68bc8b971a5a57019825,368734,0.528,77,6888,89,2412,55,879,,
79,0x970b206f3bfb86f06581bbec04dd2e703266fe84,368013,0.672,80,12196,152,1021,53,875,,
80,0x6c237281c28b1de394b3418c9a59f7cf22f372ce,196755,0.769,86,7479,87,2428,4,870,,
81,0x5ab4c45896687bab14bbf73b78765e6dfac795ac,371756,0.91,81,18802,232,1795,0,870,,
82,0x76cc23e665193f4592a9a5a5a37ce3dbe929b5ae,174500,0.701,99,4552,46,2944,0,869,,
83,0x27388d079cb5cf1ad50f60ab4c260356449bf92b,371476,0.635,69,5526,80,1875,5,866,,
84,0x096eceb86a9d9a2baa07315464daaa84d0cc07d1,274857,0.861,104,23719,228,3362,0,858,,
85,0xe43b4fe3779328b044849bcf7043c46aa86ab5b0,161774,0.838,87,3037,35,1318,26,838,,
86,0x72abc60e799f5c90925a13319f9ad11f5583bee4,172275,0.656,102,4860,48,3454,2,834,,
87,0x44d27e0d4aee5af28d44c2dd542ca1e099e95133,169511,0.65,101,7857,78,1069,6,823,,
88,0x15c8a479139a2e195b37790ace4870d1f2be045f,192083,0.779,98,15287,156,338,6,822,,
89,0x98785f2a43fe32f972476b86ed5a5cfaf5240f00,262276,0.579,103,19423,189,3818,3,821,,
90,0x2c5dc7e67fce4bc252221c46c1cdc7651838b2d8,523463,0.625,55,6085,111,1914,0,812,HL-tagged,
91,0xe1b4e4d6320c65748a1900cf0329cb7221959d8a,238756,0.661,79,8663,110,2171,3,811,,
92,0x75d0051e8bb42fa53ef1be9951963a69ad1adf0a,327890,0.654,98,26329,269,918,0,804,,
93,0xf97ad6704baec104d00b88e0c157e2b7b3a1ddd1,305988,0.686,108,25895,240,3165,4,797,,
94,0x037919a275ddc336d024fa489c462d19c949838e,136929,0.735,98,7148,73,1242,3,791,,
95,0xc201f6eb6c95bad5b7a8e90667c8806cc6180b40,408594,0.746,55,5132,93,1787,67,789,,
96,0x8524d618cdebdd5a066f1ba38e0c44a7122d2d8e,133951,0.745,102,3534,35,631,0,788,,
97,0x9d6468a5ab22fb02f990a778039443d264ef31fe,274713,0.74,104,22890,220,1508,0,787,,
98,0x83f9daccd2ce1a71e4965a28fc898e4d41af7092,368504,0.815,55,1999,36,4073,3,787,,
99,0xfb184022457cdabaa2f39ccaa7bcb231a410a767,124850,0.874,90,4500,50,1352,9,781,,
100,0x8230cf5bc3de7f18889fabdb8e649b3c45ff3650,395635,0.637,86,22679,264,3299,0,781,,
