rank,wallet,edge_type,cluster,hl_core_pnl_usd,hl_winrate,hl_active_days,evm_early_survivors,evm_early_n,evm_held_usd,tags,twitter,cross_chain,confidence,evidence,action
1,0xcf90cfecf74e631feea816d02e757c0c8e895c0e,COPY_FIT,,5180397,0.89,57,,,,HL-tagged,,,0.6,"HL Core realized $5,180,397, winrate 0.89, 57/108 active days, 211 fills/day, 0% spot",COPYTRADE candidate: mirror perp entries fixed-fraction; paper-verify 2-4 wks before scaling
2,0xfce053a5e461683454bf37ad66d20344c0e3f4c0,COPY_FIT,,4704588,0.61,101,,,,PM-owner HL-tagged individual,,,0.7,"HL Core realized $4,704,588, winrate 0.61, 101/108 active days, 88 fills/day, 4% spot",COPYTRADE candidate: mirror perp entries fixed-fraction; paper-verify 2-4 wks before scaling
3,0x218a65e21eddeece7a9df38c6bbdd89f692b7da2,COPY_FIT,,4637996,0.85,100,,,,HL-tagged,,,0.6,"HL Core realized $4,637,996, winrate 0.85, 100/108 active days, 144 fills/day, 0% spot",COPYTRADE candidate: mirror perp entries fixed-fraction; paper-verify 2-4 wks before scaling
4,0xda744273f80b22412417f7cfe0503f3d721f987d,COPY_FIT,,4089363,0.92,94,,,,HL-tagged,,,0.6,"HL Core realized $4,089,363, winrate 0.92, 94/108 active days, 301 fills/day, 0% spot",COPYTRADE candidate: mirror perp entries fixed-fraction; paper-verify 2-4 wks before scaling
5,0x9bb933d7fe63c0bbfdd92f9596ed47e25e7877a1,COPY_FIT,,3634335,0.84,41,,,,HL-tagged,,,0.6,"HL Core realized $3,634,335, winrate 0.84, 41/108 active days, 273 fills/day, 35% spot",COPYTRADE candidate: mirror perp entries fixed-fraction; paper-verify 2-4 wks before scaling
6,0xb581d667c53fd8a50bf7ffd817be0e62daa16f4f,COPY_FIT,,2759549,0.68,104,,,,HL-tagged,,,0.6,"HL Core realized $2,759,549, winrate 0.68, 104/108 active days, 182 fills/day, 0% spot",COPYTRADE candidate: mirror perp entries fixed-fraction; paper-verify 2-4 wks before scaling
7,0xdfe5195e7cc1a2eca9b0df09d4646472a8c4a402,COPY_FIT,,2615933,0.93,93,,,,,,,0.6,"HL Core realized $2,615,933, winrate 0.93, 93/108 active days, 90 fills/day, 0% spot",COPYTRADE candidate: mirror perp entries fixed-fraction; paper-verify 2-4 wks before scaling
8,0x960b6c2c4b1498681b8422eb572a8b3a6aa3f0fc,COPY_FIT,,2286979,0.81,96,,,,HL-tagged,,,0.6,"HL Core realized $2,286,979, winrate 0.81, 96/108 active days, 174 fills/day, 19% spot",COPYTRADE candidate: mirror perp entries fixed-fraction; paper-verify 2-4 wks before scaling
9,0xb69eec8fea0081343c3b09e652ba1fa7dcf7033a,COPY_FIT,,2141084,0.67,95,,,,HL-tagged,,,0.6,"HL Core realized $2,141,084, winrate 0.67, 95/108 active days, 251 fills/day, 0% spot",COPYTRADE candidate: mirror perp entries fixed-fraction; paper-verify 2-4 wks before scaling
10,0xb798aef79972ce8f73d47b9ebbcda6bbb7ec4fbf,COPY_FIT,,2091112,0.84,79,,,,PM-owner HL-tagged individual,,yes,0.8,"HL Core realized $2,091,112, winrate 0.84, 79/108 active days, 103 fills/day, 15% spot. Cross-chain: eth 37 since 2021-10 + base 10 (2024). Veteran.",COPYTRADE candidate: mirror perp entries fixed-fraction; paper-verify 2-4 wks before scaling
11,0x4cd80aa0ce4881eb8679eda1f6fbe3d89aec0f7f,COPY_FIT,,1870772,0.67,99,,,,PM-owner HL-tagged individual,,yes,0.8,"HL Core realized $1,870,772, winrate 0.67, 99/108 active days, 164 fills/day, 0% spot. Cross-chain: eth 54 swaps since 2022-05; base 1 (2024). Veteran.",COPYTRADE candidate: mirror perp entries fixed-fraction; paper-verify 2-4 wks before scaling
12,0x9237794d8e5c6eb247b20f2e5edd9ad5f530d8ec,COPY_FIT,,1847037,0.93,95,,,,HL-tagged,,,0.6,"HL Core realized $1,847,037, winrate 0.93, 95/108 active days, 79 fills/day, 0% spot",COPYTRADE candidate: mirror perp entries fixed-fraction; paper-verify 2-4 wks before scaling
13,0xf62edeee17968d4c55d1c74936d2110333342f30,COPY_FIT,,1704530,0.82,102,,,,HL-tagged,,,0.6,"HL Core realized $1,704,530, winrate 0.82, 102/108 active days, 248 fills/day, 0% spot",COPYTRADE candidate: mirror perp entries fixed-fraction; paper-verify 2-4 wks before scaling
14,0xe24166173f1e956845a0660c8b26db334dced71a,COPY_FIT,,1559182,0.92,103,,,,,,,0.6,"HL Core realized $1,559,182, winrate 0.92, 103/108 active days, 331 fills/day, 0% spot",COPYTRADE candidate: mirror perp entries fixed-fraction; paper-verify 2-4 wks before scaling
15,0x1ce8ed87b7b4cb60f0cc3664bf1fe216163ff55a,COPY_FIT,,1363531,0.82,77,,,,,,,0.6,"HL Core realized $1,363,531, winrate 0.82, 77/108 active days, 203 fills/day, 0% spot",COPYTRADE candidate: mirror perp entries fixed-fraction; paper-verify 2-4 wks before scaling
16,0x0514f2f3e0277c47117e3f33d9390efb0acfbdfe,COPY_FIT,,1274933,0.87,100,,,,,,,0.6,"HL Core realized $1,274,933, winrate 0.87, 100/108 active days, 139 fills/day, 0% spot",COPYTRADE candidate: mirror perp entries fixed-fraction; paper-verify 2-4 wks before scaling
17,0x999510ad3dd8c94a6659d6401d983137565283e3,COPY_FIT,,1212630,0.76,53,,,,,,,0.6,"HL Core realized $1,212,630, winrate 0.76, 53/108 active days, 164 fills/day, 28% spot",COPYTRADE candidate: mirror perp entries fixed-fraction; paper-verify 2-4 wks before scaling
18,0x6daec5ff434924e0839358e710e6ae5f158590de,COPY_FIT,,1146536,0.73,101,,,,,,,0.6,"HL Core realized $1,146,536, winrate 0.73, 101/108 active days, 278 fills/day, 0% spot",COPYTRADE candidate: mirror perp entries fixed-fraction; paper-verify 2-4 wks before scaling
19,0x05936f6a5ea9abfbfcc690f1a6140d97e80640f9,COPY_FIT,,1069933,0.64,85,,,,,,,0.6,"HL Core realized $1,069,933, winrate 0.64, 85/108 active days, 329 fills/day, 2% spot",COPYTRADE candidate: mirror perp entries fixed-fraction; paper-verify 2-4 wks before scaling
20,0x3b11267dfc4b9ebe8427e8f557056b4b6ce98112,COPY_FIT,,1045920,0.87,64,,,,,,,0.6,"HL Core realized $1,045,920, winrate 0.87, 64/108 active days, 75 fills/day, 0% spot",COPYTRADE candidate: mirror perp entries fixed-fraction; paper-verify 2-4 wks before scaling
21,0x51f3a19c1dfd8d7fe670e43ce0f66648789c8b34,COPY_FIT,,1030185,0.87,97,,,,,,,0.6,"HL Core realized $1,030,185, winrate 0.87, 97/108 active days, 92 fills/day, 32% spot",COPYTRADE candidate: mirror perp entries fixed-fraction; paper-verify 2-4 wks before scaling
22,0x6bea81d7a0c5939a5ce5552e125ab57216cc597f,COPY_FIT,,987541,0.58,103,,,,,,,0.6,"HL Core realized $987,541, winrate 0.58, 103/108 active days, 113 fills/day, 0% spot",COPYTRADE candidate: mirror perp entries fixed-fraction; paper-verify 2-4 wks before scaling
23,0xebcda26432c1e2a46898d9920759438f86c8fcf4,COPY_FIT,,986789,0.76,100,,,,,,,0.6,"HL Core realized $986,789, winrate 0.76, 100/108 active days, 301 fills/day, 0% spot",COPYTRADE candidate: mirror perp entries fixed-fraction; paper-verify 2-4 wks before scaling
24,0xd05d2e015b9ed6f17f2111cf1ac7ae229155816e,COPY_FIT,,924637,0.91,91,,,,,,,0.6,"HL Core realized $924,637, winrate 0.91, 91/108 active days, 127 fills/day, 2% spot",COPYTRADE candidate: mirror perp entries fixed-fraction; paper-verify 2-4 wks before scaling
25,0xbeaa070f687881f68e62aab7f3c2db793214f5f9,COPY_FIT,,898100,0.68,46,,,,,,,0.6,"HL Core realized $898,100, winrate 0.68, 46/108 active days, 293 fills/day, 0% spot",COPYTRADE candidate: mirror perp entries fixed-fraction; paper-verify 2-4 wks before scaling
26,0x5e0c78f6360514ac1d4ea4ab9a2a232284458e69,COPY_FIT,,886945,0.9,107,,,,HL-tagged,,,0.6,"HL Core realized $886,945, winrate 0.9, 107/108 active days, 234 fills/day, 0% spot",COPYTRADE candidate: mirror perp entries fixed-fraction; paper-verify 2-4 wks before scaling
27,0xe5d844a60e2d547205aea63d473ca704be014ebe,COPY_FIT,,823266,0.74,49,,,,,,,0.6,"HL Core realized $823,266, winrate 0.74, 49/108 active days, 231 fills/day, 0% spot",COPYTRADE candidate: mirror perp entries fixed-fraction; paper-verify 2-4 wks before scaling
28,0xf899937184168b1d9dee75acbaa3fef0f52888db,COPY_FIT,,800212,0.74,97,,,,HL-tagged,,,0.6,"HL Core realized $800,212, winrate 0.74, 97/108 active days, 111 fills/day, 0% spot",COPYTRADE candidate: mirror perp entries fixed-fraction; paper-verify 2-4 wks before scaling
29,0xa3d843b6a057504284006bef6f34a2e9bc80fb6b,COPY_FIT,,792510,0.77,73,,,,,,,0.6,"HL Core realized $792,510, winrate 0.77, 73/108 active days, 210 fills/day, 0% spot",COPYTRADE candidate: mirror perp entries fixed-fraction; paper-verify 2-4 wks before scaling
30,0xda0950da3882ef1ae1e41e99ebe31e6b3324c17f,COPY_FIT,,789087,0.93,59,,,,HL-tagged,,,0.6,"HL Core realized $789,087, winrate 0.93, 59/108 active days, 48 fills/day, 81% spot",COPYTRADE candidate: mirror perp entries fixed-fraction; paper-verify 2-4 wks before scaling
31,0x2a934d40944e2b686ee9cdce74a3f67d32cd0347,COPY_FIT,,751480,0.92,98,,,,HL-tagged,,,0.6,"HL Core realized $751,480, winrate 0.92, 98/108 active days, 43 fills/day, 0% spot",COPYTRADE candidate: mirror perp entries fixed-fraction; paper-verify 2-4 wks before scaling
32,0x8e096995c3e4a3f0bc5b3ea1cba94de2aa4d70c9,COPY_FIT,,737180,0.74,99,,,,HL-tagged,,,0.6,"HL Core realized $737,180, winrate 0.74, 99/108 active days, 296 fills/day, 0% spot",COPYTRADE candidate: mirror perp entries fixed-fraction; paper-verify 2-4 wks before scaling
33,0x381fe486d87c7f2633c777f1b5be3105a2a51744,COPY_FIT,,664355,0.77,50,,,,,,,0.6,"HL Core realized $664,355, winrate 0.77, 50/108 active days, 92 fills/day, 13% spot",COPYTRADE candidate: mirror perp entries fixed-fraction; paper-verify 2-4 wks before scaling
34,0x77746ff04a7014752ab12d81d531aa5e50775343,COPY_FIT,,634415,0.81,73,,,,,,,0.6,"HL Core realized $634,415, winrate 0.81, 73/108 active days, 84 fills/day, 7% spot",COPYTRADE candidate: mirror perp entries fixed-fraction; paper-verify 2-4 wks before scaling
35,0x34d7b1c11bebf407af7f67f08249a174d1316a6a,COPY_FIT,,622843,0.74,85,,,,PM-owner HL-tagged individual,,,0.7,"HL Core realized $622,843, winrate 0.74, 85/108 active days, 348 fills/day, 0% spot",COPYTRADE candidate: mirror perp entries fixed-fraction; paper-verify 2-4 wks before scaling
36,0xa4beb4fbe651b00bc16d472e2e1aa1c26b3d90aa,COPY_FIT,,619672,0.96,72,,,,HL-tagged @jvpmamede,@jvpmamede,yes,0.7,"HL Core realized $619,672, winrate 0.96, 72/108 active days, 268 fills/day, 7% spot. Cross-chain: bsc 43 since 2021-01 + eth 32 since 2020-11. OG trader since 2020 (@jvpmamede).. NOTE: winrate>=0.95 = possible martingale (hidden left tail)",COPYTRADE candidate: mirror perp entries fixed-fraction; paper-verify 2-4 wks before scaling
37,0xb5e7dee094dae809f2775caf07c4d4fde863eff1,COPY_FIT,,618409,0.94,106,,,,HL-tagged,,,0.6,"HL Core realized $618,409, winrate 0.94, 106/108 active days, 273 fills/day, 36% spot",COPYTRADE candidate: mirror perp entries fixed-fraction; paper-verify 2-4 wks before scaling
38,0xbe4e91ae63090eeb4165dfcfc35db3a4eb76e75e,COPY_FIT,,616929,0.97,101,,,,PM-owner HL-tagged,,yes,0.7,"HL Core realized $616,929, winrate 0.97, 101/108 active days, 128 fills/day, 0% spot. Cross-chain: eth 7 since 2020-10, last 2025-09. OG since 2020.. NOTE: winrate>=0.95 = possible martingale (hidden left tail)",COPYTRADE candidate: mirror perp entries fixed-fraction; paper-verify 2-4 wks before scaling
39,0x11eee2e0a613af4f636e23ff295e2dac6a191d1d,COPY_FIT,,569157,0.92,108,,,,HL-tagged,,,0.6,"HL Core realized $569,157, winrate 0.92, 108/108 active days, 354 fills/day, 9% spot",COPYTRADE candidate: mirror perp entries fixed-fraction; paper-verify 2-4 wks before scaling
40,0x675462411d40a169c3397ac1dc00786dc9c7d3a1,COPY_FIT,,550371,0.64,99,,,,PM-owner HL-tagged individual,,,0.7,"HL Core realized $550,371, winrate 0.64, 99/108 active days, 216 fills/day, 0% spot",COPYTRADE candidate: mirror perp entries fixed-fraction; paper-verify 2-4 wks before scaling
41,0xa2a85ea4db18e55129eb0079ed260828137eb98b,EARLY_HUNTER,,0,0,0,3,5,49646,,,,0.6,"3 survivor-verified early entries of 5 (wr 0.6); held $49,646. e.g. EARNY(+75.2m, cap $202k); HYPURR(+46.2m, cap $334k); MORPHOE(+46.2m, cap $122k)","Early-buy WATCH (higher risk): alert on their fresh-token entries, mirror small, exit into pump"
42,0x556eafb36db5a02e496f317976a890adab976514,EARLY_HUNTER,,0,0.2,1,3,6,326,,,,0.45,"3 survivor-verified early entries of 6 (wr 0.5); held $326. e.g. MOTION(+9.0m, cap $259k); HYPURR(+21.9m, cap $334k); MAX(+18.1m, cap $107k)","Early-buy WATCH (higher risk): alert on their fresh-token entries, mirror small, exit into pump"
43,0xfebca641e193bc9f67dea00952838ddd12ae7708,EARLY_HUNTER,,0,0,0,2,6,1560,,,,0.45,"2 survivor-verified early entries of 6 (wr 0.83); held $1,560. e.g. MOTION(+60.4m, cap $259k); MAX(+63.9m, cap $107k)","Early-buy WATCH (higher risk): alert on their fresh-token entries, mirror small, exit into pump"
44,0xb1fe8d7274efcad6571f11465709a7df0521b2a9,EARLY_HUNTER,,0,0,0,2,5,3182,,,,0.45,"2 survivor-verified early entries of 5 (wr 0.6); held $3,182. e.g. MOTION(+15.8m, cap $259k); MAX(+11.4m, cap $107k)","Early-buy WATCH (higher risk): alert on their fresh-token entries, mirror small, exit into pump"
45,0x2759575a90f4df27df06c4818027fd2a793f016c,EARLY_HUNTER,,0,0,0,1,5,3180,,,,0.45,"1 survivor-verified early entries of 5 (wr 0.8); held $3,180. e.g. MAX(+10.6m, cap $107k)","Early-buy WATCH (higher risk): alert on their fresh-token entries, mirror small, exit into pump"
46,0xb69fbfd47bcc51c2deb0587bd88f52e1c40238e5,SPOT_WHALE,,15762467,0.94,8,,,,,,,0.6,"HL spot realized $15,762,467 (100% spot, 8 active days) = distributing accumulated spot inventory (insider/whale), NOT directional alpha",Insider/whale WATCH (do NOT copy): their spot SELLING = distribution/top warning on that asset
47,0x17a4ce9320bec0ac79420f0af19848044a469d8d,SPOT_WHALE,,12762494,0.94,36,,,,HL-tagged,,,0.6,"HL spot realized $12,762,494 (100% spot, 36 active days) = distributing accumulated spot inventory (insider/whale), NOT directional alpha",Insider/whale WATCH (do NOT copy): their spot SELLING = distribution/top warning on that asset
48,0xdeb0b9c1e1b234981c4731ea927c464449c1ade2,SPOT_WHALE,,5711164,0.72,55,,,,HL-tagged,,,0.6,"HL spot realized $5,711,164 (99% spot, 55 active days) = distributing accumulated spot inventory (insider/whale), NOT directional alpha",Insider/whale WATCH (do NOT copy): their spot SELLING = distribution/top warning on that asset
49,0x06ecb2a427c3d51a66c29d9b4fb1960107d10b19,SPOT_WHALE,,4393010,0.93,15,,,,,,,0.6,"HL spot realized $4,393,010 (100% spot, 15 active days) = distributing accumulated spot inventory (insider/whale), NOT directional alpha",Insider/whale WATCH (do NOT copy): their spot SELLING = distribution/top warning on that asset
50,0xfa0f450d61acd11bc0f6a986260fc25c1758ccb9,SPOT_WHALE,,3902208,0.89,9,,,,HL-tagged,,,0.6,"HL spot realized $3,902,208 (100% spot, 9 active days) = distributing accumulated spot inventory (insider/whale), NOT directional alpha",Insider/whale WATCH (do NOT copy): their spot SELLING = distribution/top warning on that asset
